[
  {
    "name": "ABC Food Distributors",
    "contact_name": "John Smith",
    "contact_email": "john@abcfood.com",
    "contact_phone": "(555) 123-4567",
    "address": "123 Main St, City, State 12345",
    "default_terms": "Net 30",
    "notes": "Primary produce supplier",
    "is_active": "true"
  },
  {
    "name": "Fresh Ingredients Co",
    "contact_name": "Sarah Johnson",
    "contact_email": "sarah@freshingredients.com",
    "contact_phone": "(555) 987-6543",
    "address": "456 Oak Ave, City, State 67890",
    "default_terms": "Net 15",
    "notes": "Organic specialty items",
    "is_active": "true"
  },
  {
    "name": "Quality Meats Inc",
    "contact_name": "Mike Wilson",
    "contact_email": "mike@qualitymeats.com",
    "contact_phone": "(555) 456-7890",
    "address": "789 Pine St, City, State 54321",
    "default_terms": "COD",
    "notes": "Premium meat supplier",
    "is_active": "true"
  }
]

